sha256,group,sample_id,system_output_status,source
007126f0fc94890776cb65cad74540fe4fefcb7a521b705108dc3a0b2f522878,blind,007126f0fc94890776cb65cad74540fe4fefcb7a521b705108dc3a0b2f522878,UNKNOWN,VirusTotal/MalwareBazaar
01c76495d19200f788bf96a3c637e28c78a8afccc80815238428640d3b1acde6,blind,01c76495d19200f788bf96a3c637e28c78a8afccc80815238428640d3b1acde6,UNKNOWN,VirusTotal/MalwareBazaar
032fbe071044c8c9b4a9b34cba13c608efa88b14071447e40b2aa2224af96d47,blind,032fbe071044c8c9b4a9b34cba13c608efa88b14071447e40b2aa2224af96d47,CONSISTENT,VirusTotal/MalwareBazaar
0478d3d06de4d0d16d5d9217167b3db05b0063c9dc93c84d02c492cfc940a0fa,blind,0478d3d06de4d0d16d5d9217167b3db05b0063c9dc93c84d02c492cfc940a0fa,UNKNOWN,VirusTotal/MalwareBazaar
053500eba6d914a49018df853e1efebf79cbd821f97743fa83fd0bb23d48322f,blind,053500eba6d914a49018df853e1efebf79cbd821f97743fa83fd0bb23d48322f,CONSISTENT,VirusTotal/MalwareBazaar
071cae0d46c2d4ca75870d6f4efb8e3122ed8d3dc9bf33366019f7d6652ff94c,blind,071cae0d46c2d4ca75870d6f4efb8e3122ed8d3dc9bf33366019f7d6652ff94c,CONSISTENT,VirusTotal/MalwareBazaar
08f053178be834469340c2fbb2cc1b842395052b53d5120891154b9118bf0d3d,blind,08f053178be834469340c2fbb2cc1b842395052b53d5120891154b9118bf0d3d,CONSISTENT,VirusTotal/MalwareBazaar
092371e7ef9a449ca253161e20e43d5cc918a73e30d363c97326c8e60a3b4835,blind,092371e7ef9a449ca253161e20e43d5cc918a73e30d363c97326c8e60a3b4835,CONSISTENT,VirusTotal/MalwareBazaar
092bf52aa8665708edda64ba3a4c84629727868ba7adee56b3c6ab170bb92028,blind,092bf52aa8665708edda64ba3a4c84629727868ba7adee56b3c6ab170bb92028,CONSISTENT,VirusTotal/MalwareBazaar
0b03b08b270ebad463e6872f32f9faecab3eb4e2e7fb1cff21e7058f1c75b953,blind,0b03b08b270ebad463e6872f32f9faecab3eb4e2e7fb1cff21e7058f1c75b953,CONSISTENT,VirusTotal/MalwareBazaar
0b9832c35dbd755f54d38e7afc8b402f3b50bbd1698995079ffc1ad21f27a9ab,blind,0b9832c35dbd755f54d38e7afc8b402f3b50bbd1698995079ffc1ad21f27a9ab,UNKNOWN,VirusTotal/MalwareBazaar
0cc83cd4cb12291fbf17bc184b796819455658549ea6c37d68af54cd7bda3eda,blind,0cc83cd4cb12291fbf17bc184b796819455658549ea6c37d68af54cd7bda3eda,CONSISTENT,VirusTotal/MalwareBazaar
0d7bdb4768d3fb77fba0ee576522e4490a10582d642750dfe605f71a3d115c94,blind,0d7bdb4768d3fb77fba0ee576522e4490a10582d642750dfe605f71a3d115c94,CONSISTENT,VirusTotal/MalwareBazaar
0f04512c3e6c3a0e0c1a41765325cfec668b12e765d78a8d0a8e297c443c1ebd,blind,0f04512c3e6c3a0e0c1a41765325cfec668b12e765d78a8d0a8e297c443c1ebd,CONSISTENT,VirusTotal/MalwareBazaar
10a18ee810b5a4708369adb73b635d861ac394c545d0f14d8db3cbebd506835e,blind,10a18ee810b5a4708369adb73b635d861ac394c545d0f14d8db3cbebd506835e,CONSISTENT,VirusTotal/MalwareBazaar
10d9405548942090984d59adfffb9147189629080d9086598c31c7770a254505,blind,10d9405548942090984d59adfffb9147189629080d9086598c31c7770a254505,CONSISTENT,VirusTotal/MalwareBazaar
11cd4ee83c532a3de59227ef96bb599d06bc8ce63b3e494f7c50f091ef8be09c,blind,11cd4ee83c532a3de59227ef96bb599d06bc8ce63b3e494f7c50f091ef8be09c,CONSISTENT,VirusTotal/MalwareBazaar
12ec8012b34cf052973a6661849c1c3f390eaab20b427a4c60ed18a3fa8cc56c,blind,12ec8012b34cf052973a6661849c1c3f390eaab20b427a4c60ed18a3fa8cc56c,CONSISTENT,VirusTotal/MalwareBazaar
13013536118b69ed79be1cf3c2eaada34e540ca48aa236afbeff49469c0b4e76,blind,13013536118b69ed79be1cf3c2eaada34e540ca48aa236afbeff49469c0b4e76,UNKNOWN,VirusTotal/MalwareBazaar
147f7eb48a69d39dc6066a62d6f3dc39c7ab77d21d51b0ca1f9c7f69cea9a640,blind,147f7eb48a69d39dc6066a62d6f3dc39c7ab77d21d51b0ca1f9c7f69cea9a640,CONSISTENT,VirusTotal/MalwareBazaar
14e722855605ba78dc1d21153f0e1be90e7528149f2cd2d7d6eba8ef27534bdc,blind,14e722855605ba78dc1d21153f0e1be90e7528149f2cd2d7d6eba8ef27534bdc,UNKNOWN,VirusTotal/MalwareBazaar
14e728e2978336ee082b1c77fa662114313c25996c4fc6d682ac426750841a09,blind,14e728e2978336ee082b1c77fa662114313c25996c4fc6d682ac426750841a09,CONSISTENT,VirusTotal/MalwareBazaar
171ef8fbc2c797221daf807f61c3ffbc33abfc385b6edd489e80251b99dd7eb6,blind,171ef8fbc2c797221daf807f61c3ffbc33abfc385b6edd489e80251b99dd7eb6,CONSISTENT,VirusTotal/MalwareBazaar
186507b4ca89483d9949611f808779709a57db1ac5a749d025bcab40d138bd42,blind,186507b4ca89483d9949611f808779709a57db1ac5a749d025bcab40d138bd42,CONSISTENT,VirusTotal/MalwareBazaar
186e05fd539fd412797ee5b6dac20cde9648a47af08e1d53cba6ae4530f37345,blind,186e05fd539fd412797ee5b6dac20cde9648a47af08e1d53cba6ae4530f37345,CONSISTENT,VirusTotal/MalwareBazaar
18e387b068d3de5ffe5386aeea07f7baccd8207c583e04797f8c4dfbed6dbf59,blind,18e387b068d3de5ffe5386aeea07f7baccd8207c583e04797f8c4dfbed6dbf59,CONSISTENT,VirusTotal/MalwareBazaar
1a15c4d654d88dc3f1943361cb69bb5dea90c758a6fe4e8b72e683ba9354c480,blind,1a15c4d654d88dc3f1943361cb69bb5dea90c758a6fe4e8b72e683ba9354c480,CONSISTENT,VirusTotal/MalwareBazaar
1c57399a396b1527edb71828a8f1bdf7d807f3b019f9414260afd59bf570780f,blind,1c57399a396b1527edb71828a8f1bdf7d807f3b019f9414260afd59bf570780f,CONSISTENT,VirusTotal/MalwareBazaar
20d43a2eb68047a93cc6cca56e059bd3fee8ce5264fd92c5ec5f43407b38f72b,blind,20d43a2eb68047a93cc6cca56e059bd3fee8ce5264fd92c5ec5f43407b38f72b,UNKNOWN,VirusTotal/MalwareBazaar
23adfb2733879de45c2c90018ea8abdec9ec6741f4ff056a68d9c905ed159bf8,blind,23adfb2733879de45c2c90018ea8abdec9ec6741f4ff056a68d9c905ed159bf8,CONSISTENT,VirusTotal/MalwareBazaar
26ec30ac27ec96727fdda48a218441d9d8bfbb1a6372fe9e960351ecc7b6988a,blind,26ec30ac27ec96727fdda48a218441d9d8bfbb1a6372fe9e960351ecc7b6988a,CONSISTENT,VirusTotal/MalwareBazaar
278296e11c63c68a1d1ca81df21a517b17d1f4ef2ed4f992465d857316857bac,blind,278296e11c63c68a1d1ca81df21a517b17d1f4ef2ed4f992465d857316857bac,CONSISTENT,VirusTotal/MalwareBazaar
291a25277eec4ad89adada36f1ac4521d9f6156670151f9e184a577efbca8bb1,blind,291a25277eec4ad89adada36f1ac4521d9f6156670151f9e184a577efbca8bb1,CONSISTENT,VirusTotal/MalwareBazaar
29f13c1393fbc036ec56e4765304e1bc2accadd86a21efdc3ffdf6cef38d22f7,blind,29f13c1393fbc036ec56e4765304e1bc2accadd86a21efdc3ffdf6cef38d22f7,UNKNOWN,VirusTotal/MalwareBazaar
2b24fe48628fe0405db4fa3534d31c305947a7eed8ff5e42724ab4d8117fb8ab,blind,2b24fe48628fe0405db4fa3534d31c305947a7eed8ff5e42724ab4d8117fb8ab,CONSISTENT,VirusTotal/MalwareBazaar
2c4b0d27190db31f2ea5416bc67822584c5d0ec82555cbd83c70ee2732add297,blind,2c4b0d27190db31f2ea5416bc67822584c5d0ec82555cbd83c70ee2732add297,UNKNOWN,VirusTotal/MalwareBazaar
2d3927b3b76b204e33d62d5502d5c25d2593e4943b81d989a71b2195b7c05a77,blind,2d3927b3b76b204e33d62d5502d5c25d2593e4943b81d989a71b2195b7c05a77,CONSISTENT,VirusTotal/MalwareBazaar
2d7b57de1ec6a0aa9406c5accacb75d0729c66b5d6b6dd09556d8556cb734bac,blind,2d7b57de1ec6a0aa9406c5accacb75d0729c66b5d6b6dd09556d8556cb734bac,CONSISTENT,VirusTotal/MalwareBazaar
2f04a322afc5f3339cd5ee7aa8b7dc3b44aaa95819f49cc01f7f0dbebc9c8d86,blind,2f04a322afc5f3339cd5ee7aa8b7dc3b44aaa95819f49cc01f7f0dbebc9c8d86,CONSISTENT,VirusTotal/MalwareBazaar
3107d53f9e37c496f08e3742c379976a80f7297c192aba5b8eb7c5f29af18f33,blind,3107d53f9e37c496f08e3742c379976a80f7297c192aba5b8eb7c5f29af18f33,CONSISTENT,VirusTotal/MalwareBazaar
35db935e80beda545577a5f7ff6de7c8a8b1376c363b0d5c704dc14ebc1d2f93,blind,35db935e80beda545577a5f7ff6de7c8a8b1376c363b0d5c704dc14ebc1d2f93,CONSISTENT,VirusTotal/MalwareBazaar
388726bd0c023ce88ac427c0f9db388dc9ad82037f72ee8b3dac74e52c4201b2,blind,388726bd0c023ce88ac427c0f9db388dc9ad82037f72ee8b3dac74e52c4201b2,CONSISTENT,VirusTotal/MalwareBazaar
3b88b3efbdc86383ee9738c92026b8931ce1c13cd75cd1cda2fa302791c2c4fb,blind,3b88b3efbdc86383ee9738c92026b8931ce1c13cd75cd1cda2fa302791c2c4fb,CONSISTENT,VirusTotal/MalwareBazaar
3bbaa5eddd63b619ee8034b835c2ef477f252108a05b022a032c41d9da0ece07,blind,3bbaa5eddd63b619ee8034b835c2ef477f252108a05b022a032c41d9da0ece07,CONSISTENT,VirusTotal/MalwareBazaar
3c7254f079834c8f39b8ced69bff2baecb94c326b1d0d8fbc96a410e97beb74e,blind,3c7254f079834c8f39b8ced69bff2baecb94c326b1d0d8fbc96a410e97beb74e,CONSISTENT,VirusTotal/MalwareBazaar
3c9bc7bb27bfddbf5b54a362443ccc0467fd3c4670c010f9c97702e577519675,blind,3c9bc7bb27bfddbf5b54a362443ccc0467fd3c4670c010f9c97702e577519675,CONSISTENT,VirusTotal/MalwareBazaar
3d262c2376b1e7e4dc5493bb3e29ff762541c87d13d276c76e685c013f170950,blind,3d262c2376b1e7e4dc5493bb3e29ff762541c87d13d276c76e685c013f170950,UNKNOWN,VirusTotal/MalwareBazaar
3d3a6d7905ca1387f3ec7a637cb672d6b6efa0f8efdbf819f756a8e5f92bc960,blind,3d3a6d7905ca1387f3ec7a637cb672d6b6efa0f8efdbf819f756a8e5f92bc960,CONSISTENT,VirusTotal/MalwareBazaar
3e3dff88b9cc9cb8fc1aa435273015c25ec29ffa735903ce44b9fc8e49358128,blind,3e3dff88b9cc9cb8fc1aa435273015c25ec29ffa735903ce44b9fc8e49358128,CONSISTENT,VirusTotal/MalwareBazaar
3fd303e8fb33d43567e5d599a38e5195d00b9117df9d5a2d69e9348e728aeb57,blind,3fd303e8fb33d43567e5d599a38e5195d00b9117df9d5a2d69e9348e728aeb57,CONSISTENT,VirusTotal/MalwareBazaar
41491b43d4a76fd9bd50ce3f328b1d57f7e241296c093a08162394d0e80141b4,blind,41491b43d4a76fd9bd50ce3f328b1d57f7e241296c093a08162394d0e80141b4,CONSISTENT,VirusTotal/MalwareBazaar
439c8f7b8b02728d1031dd9d0bc8d6c60409de2650371d42e4e0d22553a7f1d4,blind,439c8f7b8b02728d1031dd9d0bc8d6c60409de2650371d42e4e0d22553a7f1d4,CONSISTENT,VirusTotal/MalwareBazaar
44a80b6ad8e566857d138fd12f23b8d00545a91de6380ae02dea316e5c8a53bf,blind,44a80b6ad8e566857d138fd12f23b8d00545a91de6380ae02dea316e5c8a53bf,CONSISTENT,VirusTotal/MalwareBazaar
45b5b2377b6802d5b10aba99406c47f44aa98762248e02116b7c619b8f711cd9,blind,45b5b2377b6802d5b10aba99406c47f44aa98762248e02116b7c619b8f711cd9,CONSISTENT,VirusTotal/MalwareBazaar
45f505cd647fe63ddb2149fa628e88debb6fdd41e707770d66d2486d194fee5c,blind,45f505cd647fe63ddb2149fa628e88debb6fdd41e707770d66d2486d194fee5c,CONSISTENT,VirusTotal/MalwareBazaar
4641c993478534eeca8f5c777f352e0f3592d1dc67f52fabc3ff3957f195e8ab,blind,4641c993478534eeca8f5c777f352e0f3592d1dc67f52fabc3ff3957f195e8ab,CONSISTENT,VirusTotal/MalwareBazaar
4a07b3fbfd385f067e892a385d63667ba9a6d89f9d49f3736de84c94282e28e5,blind,4a07b3fbfd385f067e892a385d63667ba9a6d89f9d49f3736de84c94282e28e5,CONSISTENT,VirusTotal/MalwareBazaar
4bf3152884d9dcc527e7f75a542bd641be860ce8a2ab0f06eacc975aca04611d,blind,4bf3152884d9dcc527e7f75a542bd641be860ce8a2ab0f06eacc975aca04611d,UNKNOWN,VirusTotal/MalwareBazaar
4c80bd545a88589418df9a14b29f1d21770f080b909cdbca49039b0febee6006,blind,4c80bd545a88589418df9a14b29f1d21770f080b909cdbca49039b0febee6006,CONSISTENT,VirusTotal/MalwareBazaar
4d17ef881a8eb97eba1af618f346235015254abe65cf90c54eb3d8a293869958,blind,4d17ef881a8eb97eba1af618f346235015254abe65cf90c54eb3d8a293869958,CONSISTENT,VirusTotal/MalwareBazaar
4d8901a4158c5d2e14516d28f6cc7de39bc9dd9933c18435c238b54615176679,blind,4d8901a4158c5d2e14516d28f6cc7de39bc9dd9933c18435c238b54615176679,CONSISTENT,VirusTotal/MalwareBazaar
4e71fd189cf074e29b93eca914c11a300ad7110d98a284023b88b65fd4524051,blind,4e71fd189cf074e29b93eca914c11a300ad7110d98a284023b88b65fd4524051,CONSISTENT,VirusTotal/MalwareBazaar
4e8ed2989ee491dcbd600ba7d2ba91fb2ff7f8ad24123c3541e3349e9cf4ebe2,blind,4e8ed2989ee491dcbd600ba7d2ba91fb2ff7f8ad24123c3541e3349e9cf4ebe2,CONSISTENT,VirusTotal/MalwareBazaar
4ee1e5b054d79c2a0dca94e834f226d28b3af61d685ee064bd3ccd355414903c,blind,4ee1e5b054d79c2a0dca94e834f226d28b3af61d685ee064bd3ccd355414903c,UNKNOWN,VirusTotal/MalwareBazaar
4f7503aa834318150402ac854db8af75dfe4a3a1490c7765fd39b68a821a0793,blind,4f7503aa834318150402ac854db8af75dfe4a3a1490c7765fd39b68a821a0793,CONSISTENT,VirusTotal/MalwareBazaar
50577ea2892bad084492168aee6896c2ce4554c5789c5066c94dc91c592cd3b5,blind,50577ea2892bad084492168aee6896c2ce4554c5789c5066c94dc91c592cd3b5,CONSISTENT,VirusTotal/MalwareBazaar
506ecb76cf8e39743ec06129d81873f0e4c1ebfe7a352fc5874d0fc60cc1d7c6,blind,506ecb76cf8e39743ec06129d81873f0e4c1ebfe7a352fc5874d0fc60cc1d7c6,CONSISTENT,VirusTotal/MalwareBazaar
5071593e7d76edd8b47270e83e7f2d5a9b0cef95405b04a84392b195a8d90ba0,blind,5071593e7d76edd8b47270e83e7f2d5a9b0cef95405b04a84392b195a8d90ba0,CONSISTENT,VirusTotal/MalwareBazaar
515980f8e50e658b7559c0834b8e5ed4e6ae4b77936ced5fedc09bc7589b079d,blind,515980f8e50e658b7559c0834b8e5ed4e6ae4b77936ced5fedc09bc7589b079d,CONSISTENT,VirusTotal/MalwareBazaar
52c58915eefc00c95873fbb33b07268d153dfc60c4d97d1dac7a7c0b940cbacd,blind,52c58915eefc00c95873fbb33b07268d153dfc60c4d97d1dac7a7c0b940cbacd,CONSISTENT,VirusTotal/MalwareBazaar
5332945abf3f7074c6302906d615ea835aeeb89a396002a302d016d1a1514cf2,blind,5332945abf3f7074c6302906d615ea835aeeb89a396002a302d016d1a1514cf2,UNKNOWN,VirusTotal/MalwareBazaar
53bfaf5393fc82db4c0d0860e57f19c7350974da006a42bc7971e61939a2936e,blind,53bfaf5393fc82db4c0d0860e57f19c7350974da006a42bc7971e61939a2936e,UNKNOWN,VirusTotal/MalwareBazaar
5430f21e56324187cf6688c2dd6eedb9de703f4c72a8b8c4437154b371d2b37d,blind,5430f21e56324187cf6688c2dd6eedb9de703f4c72a8b8c4437154b371d2b37d,CONSISTENT,VirusTotal/MalwareBazaar
552fec1a8b5e58316a748892297e8fe845d5404a1b85f3a113e43db026bbcb2d,blind,552fec1a8b5e58316a748892297e8fe845d5404a1b85f3a113e43db026bbcb2d,UNKNOWN,VirusTotal/MalwareBazaar
56750876575851f1a5c0b58fe8cd78c21d6e8ceae0dc9af9946ea6ace79d5b48,blind,56750876575851f1a5c0b58fe8cd78c21d6e8ceae0dc9af9946ea6ace79d5b48,CONSISTENT,VirusTotal/MalwareBazaar
594d02736e90dcf0d625edef3bbba5513246bcc5b794fd2b14bdd0c63db59bba,blind,594d02736e90dcf0d625edef3bbba5513246bcc5b794fd2b14bdd0c63db59bba,UNKNOWN,VirusTotal/MalwareBazaar
5d3c1dde745eeaba48ee0cac0b3c3f5097bf110f1424bbf706121088cd3a035a,blind,5d3c1dde745eeaba48ee0cac0b3c3f5097bf110f1424bbf706121088cd3a035a,CONSISTENT,VirusTotal/MalwareBazaar
5ddc67666eea4a860efdaf22ece623349f2428fda3b39f809d6b0db61d0f2f1b,blind,5ddc67666eea4a860efdaf22ece623349f2428fda3b39f809d6b0db61d0f2f1b,CONSISTENT,VirusTotal/MalwareBazaar
6134bac7a6215a158dfee2f6824b9e648de073eeb0499a325c8ef2ea43dab84c,blind,6134bac7a6215a158dfee2f6824b9e648de073eeb0499a325c8ef2ea43dab84c,CONSISTENT,VirusTotal/MalwareBazaar
6406699d2cf3e32696255c09a8ca1ebf1ba85971acc80239963cd80d09a71ed9,blind,6406699d2cf3e32696255c09a8ca1ebf1ba85971acc80239963cd80d09a71ed9,CONSISTENT,VirusTotal/MalwareBazaar
656a47064ee26b49204412889e7f2ff4c98ebb8579e01cca84679ff31688e6ea,blind,656a47064ee26b49204412889e7f2ff4c98ebb8579e01cca84679ff31688e6ea,UNKNOWN,VirusTotal/MalwareBazaar
6ccf389bcfd8e80cba72ee953ab59887afac071e1f3114f438f722c305f064d9,blind,6ccf389bcfd8e80cba72ee953ab59887afac071e1f3114f438f722c305f064d9,CONSISTENT,VirusTotal/MalwareBazaar
6e130b8395cb3cbed2320d4a0fd4242ebefdc4e247eee6b45a0c242da607b93a,blind,6e130b8395cb3cbed2320d4a0fd4242ebefdc4e247eee6b45a0c242da607b93a,CONSISTENT,VirusTotal/MalwareBazaar
6e73da11299e6707368b7233ba59d592247894f012a662deb688ab5a3b2e1431,blind,6e73da11299e6707368b7233ba59d592247894f012a662deb688ab5a3b2e1431,CONSISTENT,VirusTotal/MalwareBazaar
6f374b2fbbb39e01a05a393fb9db342ee9bf97f69e76a76d6f3b7330f3d7851a,blind,6f374b2fbbb39e01a05a393fb9db342ee9bf97f69e76a76d6f3b7330f3d7851a,CONSISTENT,VirusTotal/MalwareBazaar
715cef51ffcfaec05a080a0e0db4d88bb5123e2ade4a1c72fd8c10f412310c1d,blind,715cef51ffcfaec05a080a0e0db4d88bb5123e2ade4a1c72fd8c10f412310c1d,CONSISTENT,VirusTotal/MalwareBazaar
748ce4317465b90787295b73a50bb61c13df3d6fcf5e2ec6017ce2cda8c76ab9,blind,748ce4317465b90787295b73a50bb61c13df3d6fcf5e2ec6017ce2cda8c76ab9,UNKNOWN,VirusTotal/MalwareBazaar
74aec50229796de396a7c52d9db2b554ef3b943b248b637baba58ad0a8c7b41c,blind,74aec50229796de396a7c52d9db2b554ef3b943b248b637baba58ad0a8c7b41c,CONSISTENT,VirusTotal/MalwareBazaar
75ac86de9ca2f3cbca0153030194b8921f6c514c4b184b89a3f0dc31ce0778e0,blind,75ac86de9ca2f3cbca0153030194b8921f6c514c4b184b89a3f0dc31ce0778e0,CONSISTENT,VirusTotal/MalwareBazaar
78bfb9958868dbae40478d80de835cc76d4fec71e9af4eeda97184f617c136b9,blind,78bfb9958868dbae40478d80de835cc76d4fec71e9af4eeda97184f617c136b9,UNKNOWN,VirusTotal/MalwareBazaar
79599a686b79c116ab7e68ad12a1919cf46b018fe97bac0d0fba4fe38f004715,blind,79599a686b79c116ab7e68ad12a1919cf46b018fe97bac0d0fba4fe38f004715,CONSISTENT,VirusTotal/MalwareBazaar
79f2b698d12992907042e040ee9be6bd85b48e922eca00e9bb97878d0946d498,blind,79f2b698d12992907042e040ee9be6bd85b48e922eca00e9bb97878d0946d498,CONSISTENT,VirusTotal/MalwareBazaar
7a89a9385c255dd9416624225cc1526bb8aca5b7bf92b95f498088cb43d960e9,blind,7a89a9385c255dd9416624225cc1526bb8aca5b7bf92b95f498088cb43d960e9,CONSISTENT,VirusTotal/MalwareBazaar
7ad7f7dffb5e8396a791081d63f46f6fdb2a17015f0b067aface54accdac5025,blind,7ad7f7dffb5e8396a791081d63f46f6fdb2a17015f0b067aface54accdac5025,CONSISTENT,VirusTotal/MalwareBazaar
7ba88293321d1facd8f425d0c01d5465501582d0a6997cbf77f1bba9cbba4ce0,blind,7ba88293321d1facd8f425d0c01d5465501582d0a6997cbf77f1bba9cbba4ce0,CONSISTENT,VirusTotal/MalwareBazaar
7cbf0d722aeec95c42fee41cc46030aca0dcd0993d9533e8a02c738165a1d1e1,blind,7cbf0d722aeec95c42fee41cc46030aca0dcd0993d9533e8a02c738165a1d1e1,CONSISTENT,VirusTotal/MalwareBazaar
7d9b5fb16503c644256033613f2f05080b5cd65ab6c9be317adef43034a2a349,blind,7d9b5fb16503c644256033613f2f05080b5cd65ab6c9be317adef43034a2a349,CONSISTENT,VirusTotal/MalwareBazaar
7eecf0a30f4427dbd06e1468576573513aafb89d16dbc8a3aa4a27bd8bc284bc,blind,7eecf0a30f4427dbd06e1468576573513aafb89d16dbc8a3aa4a27bd8bc284bc,CONSISTENT,VirusTotal/MalwareBazaar
80318e73a2c37c61bedf5f2aa75734141cc3fb15d7f96c7a41d7f9e1abef258e,blind,80318e73a2c37c61bedf5f2aa75734141cc3fb15d7f96c7a41d7f9e1abef258e,CONSISTENT,VirusTotal/MalwareBazaar
83e3a90e45cc0785a9489503ff27bbed1f6d4a510c02cd9f81f1c1ba3f5cb661,blind,83e3a90e45cc0785a9489503ff27bbed1f6d4a510c02cd9f81f1c1ba3f5cb661,UNKNOWN,VirusTotal/MalwareBazaar
8419a4f16ab7b36d22e0292825ff441e5a27b51ac2fc4dea99d96e26858de310,blind,8419a4f16ab7b36d22e0292825ff441e5a27b51ac2fc4dea99d96e26858de310,CONSISTENT,VirusTotal/MalwareBazaar
843e7d9e74e64acb5e78d38f32efbd1217c5f1a13f09562480703b6eacff6ffd,blind,843e7d9e74e64acb5e78d38f32efbd1217c5f1a13f09562480703b6eacff6ffd,CONSISTENT,VirusTotal/MalwareBazaar
8551c091aeb4d8615568acbb32213c4e15aa1881718e4ac2ec39fbe5991f9673,blind,8551c091aeb4d8615568acbb32213c4e15aa1881718e4ac2ec39fbe5991f9673,UNKNOWN,VirusTotal/MalwareBazaar
859611e07d536cbf9d61dd0d076e486f8510e964af12eba1bb689d8507428e5d,blind,859611e07d536cbf9d61dd0d076e486f8510e964af12eba1bb689d8507428e5d,CONSISTENT,VirusTotal/MalwareBazaar
85c71c163fbf51dd9ce661289c2173928f8297d0352a7f567b947b708eb9ad40,blind,85c71c163fbf51dd9ce661289c2173928f8297d0352a7f567b947b708eb9ad40,UNKNOWN,VirusTotal/MalwareBazaar
876b7b2c61db2b4b6a4a2d23d22c77a23d2dbb829e4549e5809e8ce3ed9aa624,blind,876b7b2c61db2b4b6a4a2d23d22c77a23d2dbb829e4549e5809e8ce3ed9aa624,CONSISTENT,VirusTotal/MalwareBazaar
9011883354aecb42135e1793f2b7f4329e97a4df84e072769301c13fb310464e,blind,9011883354aecb42135e1793f2b7f4329e97a4df84e072769301c13fb310464e,CONSISTENT,VirusTotal/MalwareBazaar
92718b74bb64fa92fa0e47aae96b7aee59b592abc75c42caa46f2248c587adb9,blind,92718b74bb64fa92fa0e47aae96b7aee59b592abc75c42caa46f2248c587adb9,CONSISTENT,VirusTotal/MalwareBazaar
92aa70584a20613fbbdbd69b3ca04afdcc228a8f26e7bde02d7c3ca139305422,blind,92aa70584a20613fbbdbd69b3ca04afdcc228a8f26e7bde02d7c3ca139305422,CONSISTENT,VirusTotal/MalwareBazaar
936e5340ad0a95ee79e17b489f85c661bcd73b5000c5d02c65e6ddba2943a2cd,blind,936e5340ad0a95ee79e17b489f85c661bcd73b5000c5d02c65e6ddba2943a2cd,CONSISTENT,VirusTotal/MalwareBazaar
93804c2af8abeaf5f3c3882dc1334f557aa7c50e0b387da2e812f73c022653c7,blind,93804c2af8abeaf5f3c3882dc1334f557aa7c50e0b387da2e812f73c022653c7,CONSISTENT,VirusTotal/MalwareBazaar
93e75d160d8b2f657c02c83ba94655e620922c51cf219700679d5bdb8551ef1b,blind,93e75d160d8b2f657c02c83ba94655e620922c51cf219700679d5bdb8551ef1b,CONSISTENT,VirusTotal/MalwareBazaar
94cb580a8b126ea2ed65a8f1e0d620279e6aea73c0e28ff1dcd0e6b58fa839c0,blind,94cb580a8b126ea2ed65a8f1e0d620279e6aea73c0e28ff1dcd0e6b58fa839c0,CONSISTENT,VirusTotal/MalwareBazaar
964861cafad35d9e3c91dc615f98641a1a3c33c5ae83591a83aa4e2c4738a97e,blind,964861cafad35d9e3c91dc615f98641a1a3c33c5ae83591a83aa4e2c4738a97e,CONSISTENT,VirusTotal/MalwareBazaar
9834bac2717ea3cdfe8f92f8577af0e2ae0be9f34554a7cfb6de70add1eb1421,blind,9834bac2717ea3cdfe8f92f8577af0e2ae0be9f34554a7cfb6de70add1eb1421,CONSISTENT,VirusTotal/MalwareBazaar
99e7c1488cfce88dfac9ba31b0a52e8871dfe78f9d19523955dcab0edcb01355,blind,99e7c1488cfce88dfac9ba31b0a52e8871dfe78f9d19523955dcab0edcb01355,CONSISTENT,VirusTotal/MalwareBazaar
9b17886ca7e968d96834a6d22bda8771d7126512de60a4d1b100bb1610a02a05,blind,9b17886ca7e968d96834a6d22bda8771d7126512de60a4d1b100bb1610a02a05,UNKNOWN,VirusTotal/MalwareBazaar
9b241294eb9aa3f4fc2d75701258e8d4700c7430343b67f2962b19fb5016e0f2,blind,9b241294eb9aa3f4fc2d75701258e8d4700c7430343b67f2962b19fb5016e0f2,UNKNOWN,VirusTotal/MalwareBazaar
9c83faae850406df7dc991f335c049b0b6a64e12af4bf61d5fb7281ba889ca82,blind,9c83faae850406df7dc991f335c049b0b6a64e12af4bf61d5fb7281ba889ca82,PARSE_ERROR,VirusTotal/MalwareBazaar
9d59f46ee4531b7b78215b6ecd557b8d7781a9a5e1e19cbbd6db0e989afea817,blind,9d59f46ee4531b7b78215b6ecd557b8d7781a9a5e1e19cbbd6db0e989afea817,CONSISTENT,VirusTotal/MalwareBazaar
9d9c18650265389dc672ad1630db4b07f5917f913476ac165c145d194ef6813f,blind,9d9c18650265389dc672ad1630db4b07f5917f913476ac165c145d194ef6813f,CONSISTENT,VirusTotal/MalwareBazaar
9e219d8e1056e0e0f347cd83a999a22dc6b1ee74d8945ad12bc89a89a9f20738,blind,9e219d8e1056e0e0f347cd83a999a22dc6b1ee74d8945ad12bc89a89a9f20738,CONSISTENT,VirusTotal/MalwareBazaar
9f8033bf9e669aa8043f46733f73dd933ebe06eb4bbf7b3ccef3520bf4921598,blind,9f8033bf9e669aa8043f46733f73dd933ebe06eb4bbf7b3ccef3520bf4921598,CONSISTENT,VirusTotal/MalwareBazaar
a031746cb9e7f1a2fa8ffa5201de26e548e26d8b8e4195724d4dfde062c2a852,blind,a031746cb9e7f1a2fa8ffa5201de26e548e26d8b8e4195724d4dfde062c2a852,UNKNOWN,VirusTotal/MalwareBazaar
a327206e44fb7c21ce8045f791d95a95d6726c834b8801c862909244a60ab023,blind,a327206e44fb7c21ce8045f791d95a95d6726c834b8801c862909244a60ab023,CONSISTENT,VirusTotal/MalwareBazaar
a3a071388f132aeacae7cac07d48860b8120b5bd977fbd84bc7f6df13e607d15,blind,a3a071388f132aeacae7cac07d48860b8120b5bd977fbd84bc7f6df13e607d15,CONSISTENT,VirusTotal/MalwareBazaar
a6c105746ed8704d74b793ef0b04c8eac1e48fbb34db69d7c8e43a9a43ec82a6,blind,a6c105746ed8704d74b793ef0b04c8eac1e48fbb34db69d7c8e43a9a43ec82a6,CONSISTENT,VirusTotal/MalwareBazaar
a7abca3805fffb3414f4e0c962279795a2a7f52d9db2f21bff2be6e6a3d86c8a,blind,a7abca3805fffb3414f4e0c962279795a2a7f52d9db2f21bff2be6e6a3d86c8a,CONSISTENT,VirusTotal/MalwareBazaar
a8b7a1a3f287885c42b8b1c30910c1a2a0516472561f6506a5089ee717742fd1,blind,a8b7a1a3f287885c42b8b1c30910c1a2a0516472561f6506a5089ee717742fd1,CONSISTENT,VirusTotal/MalwareBazaar
a9065134982c498022ab86d3b5ff519ce9716975063043b19174f81956d2acbd,blind,a9065134982c498022ab86d3b5ff519ce9716975063043b19174f81956d2acbd,CONSISTENT,VirusTotal/MalwareBazaar
aa2bb0b54003366049c97d39ec53172e320ffba1b23671fe06aeabb4c99712a7,blind,aa2bb0b54003366049c97d39ec53172e320ffba1b23671fe06aeabb4c99712a7,CONSISTENT,VirusTotal/MalwareBazaar
ab00f7c45d48514a8742b2777bcd03e0d6ace318b3c53022a1ec51757ff65132,blind,ab00f7c45d48514a8742b2777bcd03e0d6ace318b3c53022a1ec51757ff65132,CONSISTENT,VirusTotal/MalwareBazaar
abb1b8de6751d06818d392feeb1c67905ff80bef6864421b33acf538601903b2,blind,abb1b8de6751d06818d392feeb1c67905ff80bef6864421b33acf538601903b2,CONSISTENT,VirusTotal/MalwareBazaar
ad11779af615915a55700a6c132fb70d89fa73d3ce4901a031744b712a9f9bdc,blind,ad11779af615915a55700a6c132fb70d89fa73d3ce4901a031744b712a9f9bdc,CONSISTENT,VirusTotal/MalwareBazaar
aece8fa3b8ea803e9ca9bf06b6fd147b54cd3a00207aad36871da424a9ca4748,blind,aece8fa3b8ea803e9ca9bf06b6fd147b54cd3a00207aad36871da424a9ca4748,CONSISTENT,VirusTotal/MalwareBazaar
b075b485e9edd4629fc483bc3eff0f2bbf8aa29d86902cae54ce2b48212a939b,blind,b075b485e9edd4629fc483bc3eff0f2bbf8aa29d86902cae54ce2b48212a939b,CONSISTENT,VirusTotal/MalwareBazaar
b1b4ffcd21342c7de7f0bc286eb3f4ec6a5b919df5f20d383b4df0bd462cbe48,blind,b1b4ffcd21342c7de7f0bc286eb3f4ec6a5b919df5f20d383b4df0bd462cbe48,CONSISTENT,VirusTotal/MalwareBazaar
b30bcd76b7336944bb6b2386a01a5f5f76462a1b6b3bdeffc02f7f7f58ddcbab,blind,b30bcd76b7336944bb6b2386a01a5f5f76462a1b6b3bdeffc02f7f7f58ddcbab,UNKNOWN,VirusTotal/MalwareBazaar
b5198c202561532d85aad304d42a1340042506dd59a1f9900b1cc0e22f68d01b,blind,b5198c202561532d85aad304d42a1340042506dd59a1f9900b1cc0e22f68d01b,CONSISTENT,VirusTotal/MalwareBazaar
b51b2d780e0674b26d0c77fea221408cdb0c75babbc10c25a4a16c49e1ea3742,blind,b51b2d780e0674b26d0c77fea221408cdb0c75babbc10c25a4a16c49e1ea3742,CONSISTENT,VirusTotal/MalwareBazaar
b7e87b0d1353ef3ba9fbac7916ce018800190c552e9d7832daadbb0fae6b92a7,blind,b7e87b0d1353ef3ba9fbac7916ce018800190c552e9d7832daadbb0fae6b92a7,UNKNOWN,VirusTotal/MalwareBazaar
bad1f425b5d5dd645239c646b01d12175341e887945e26a955f51f9da4427b17,blind,bad1f425b5d5dd645239c646b01d12175341e887945e26a955f51f9da4427b17,CONSISTENT,VirusTotal/MalwareBazaar
bc64ceb30bb6111f7f3d96080dbac4b3d48d78075d8506bc8819208fa4a60c06,blind,bc64ceb30bb6111f7f3d96080dbac4b3d48d78075d8506bc8819208fa4a60c06,CONSISTENT,VirusTotal/MalwareBazaar
c0023e86d271ad50aa069047384a0edf2339900b3bc29e2faad25447ff2b4f55,blind,c0023e86d271ad50aa069047384a0edf2339900b3bc29e2faad25447ff2b4f55,UNKNOWN,VirusTotal/MalwareBazaar
c0e5d14c5a28cd923998c38cd6f807615413e2c35894faf116767096cb0419c2,blind,c0e5d14c5a28cd923998c38cd6f807615413e2c35894faf116767096cb0419c2,CONSISTENT,VirusTotal/MalwareBazaar
c10f703da74cc55a91acd4be21f0764cb985d049652da8a57ac399692ab47c65,blind,c10f703da74cc55a91acd4be21f0764cb985d049652da8a57ac399692ab47c65,CONSISTENT,VirusTotal/MalwareBazaar
c11d635651a84fd8d64af5024af9d691bb790938c07a6bf1521c1ba54b734a0a,blind,c11d635651a84fd8d64af5024af9d691bb790938c07a6bf1521c1ba54b734a0a,CONSISTENT,VirusTotal/MalwareBazaar
c4acf187ff05a39ac9ab0682100db40419354ddb55614991b9b727816bc3b9b6,blind,c4acf187ff05a39ac9ab0682100db40419354ddb55614991b9b727816bc3b9b6,CONSISTENT,VirusTotal/MalwareBazaar
c6c6a0d6783ef1680c68ba7fd70cc9f80d761cd00a0f05394b46e49d236423e8,blind,c6c6a0d6783ef1680c68ba7fd70cc9f80d761cd00a0f05394b46e49d236423e8,CONSISTENT,VirusTotal/MalwareBazaar
c841fce0f716c5af375616124fff65bc5fd606fdf9fbde40af1ebc59fb399ceb,blind,c841fce0f716c5af375616124fff65bc5fd606fdf9fbde40af1ebc59fb399ceb,CONSISTENT,VirusTotal/MalwareBazaar
cd04942e6983348c5c280625321c06ed6928b47e7946c5a6816966d9db51afd3,blind,cd04942e6983348c5c280625321c06ed6928b47e7946c5a6816966d9db51afd3,CONSISTENT,VirusTotal/MalwareBazaar
cfa5120e8bc48a6a016075695d8a02835b6a2b425e0dfdf791167122033b40dc,blind,cfa5120e8bc48a6a016075695d8a02835b6a2b425e0dfdf791167122033b40dc,CONSISTENT,VirusTotal/MalwareBazaar
d2926164e051c52a76e184149dd613c7a4c1eb576735efea573a1e564918110e,blind,d2926164e051c52a76e184149dd613c7a4c1eb576735efea573a1e564918110e,CONSISTENT,VirusTotal/MalwareBazaar
d5e2866de8ebd72ae91800af1b4abed22c825b8bb23e450c027e91734428a857,blind,d5e2866de8ebd72ae91800af1b4abed22c825b8bb23e450c027e91734428a857,CONSISTENT,VirusTotal/MalwareBazaar
d68af51d148e388451631750791c9e3b8633433b3a411c89fd1e1390023d615b,blind,d68af51d148e388451631750791c9e3b8633433b3a411c89fd1e1390023d615b,CONSISTENT,VirusTotal/MalwareBazaar
d74dfd10e35792dd886120124a0efbaf4a5cb6b7ad226bb9088e884b3feadc9f,blind,d74dfd10e35792dd886120124a0efbaf4a5cb6b7ad226bb9088e884b3feadc9f,CONSISTENT,VirusTotal/MalwareBazaar
d774d85521af9d3586bcb9e0ed1d100ff1588940c175c8b10d3bdc860f0f3b49,blind,d774d85521af9d3586bcb9e0ed1d100ff1588940c175c8b10d3bdc860f0f3b49,CONSISTENT,VirusTotal/MalwareBazaar
db6d450506bb2d5ebbe61f1d5489afbdabca26e793b975f048ee3e382b6703c6,blind,db6d450506bb2d5ebbe61f1d5489afbdabca26e793b975f048ee3e382b6703c6,UNKNOWN,VirusTotal/MalwareBazaar
dc8cd670dca08933ecca56f1774129dd6d734aab4cac1ab903213aab8856bd67,blind,dc8cd670dca08933ecca56f1774129dd6d734aab4cac1ab903213aab8856bd67,CONSISTENT,VirusTotal/MalwareBazaar
dc90686fade36ba0d6e31a240d64a11c8ff2866441424e1826265d761b041cc9,blind,dc90686fade36ba0d6e31a240d64a11c8ff2866441424e1826265d761b041cc9,CONSISTENT,VirusTotal/MalwareBazaar
de352459a704c44cd7e8c3d21db7ec679af28ec22505060e1bd825c0f461c9f2,blind,de352459a704c44cd7e8c3d21db7ec679af28ec22505060e1bd825c0f461c9f2,CONSISTENT,VirusTotal/MalwareBazaar
ded83cac9adba2d6e03e18363e280373f7a0527633e223e1c431d8d2c4032505,blind,ded83cac9adba2d6e03e18363e280373f7a0527633e223e1c431d8d2c4032505,PARSE_ERROR,VirusTotal/MalwareBazaar
e16fac7ff6d0999e03b4fb3f71525d1116a14b270f98aaa111c20fd0cc28b8ff,blind,e16fac7ff6d0999e03b4fb3f71525d1116a14b270f98aaa111c20fd0cc28b8ff,CONSISTENT,VirusTotal/MalwareBazaar
e344a7edc7191188abe579bb7abf29eb5ac33c7c56477fa859340d4765e80936,blind,e344a7edc7191188abe579bb7abf29eb5ac33c7c56477fa859340d4765e80936,CONSISTENT,VirusTotal/MalwareBazaar
e4a52d3a9073ca4c6e73f58cf6ff67416798a17748da8337cd489103ebf24707,blind,e4a52d3a9073ca4c6e73f58cf6ff67416798a17748da8337cd489103ebf24707,CONSISTENT,VirusTotal/MalwareBazaar
e4d081e8a3e490c82253b5a36bda763f9df9fac043b8e03228b3305bb3082268,blind,e4d081e8a3e490c82253b5a36bda763f9df9fac043b8e03228b3305bb3082268,CONSISTENT,VirusTotal/MalwareBazaar
e514831315e45373f80c9fb313d3f97e86f387d93f1de1ae8f0f1a208182251b,blind,e514831315e45373f80c9fb313d3f97e86f387d93f1de1ae8f0f1a208182251b,CONSISTENT,VirusTotal/MalwareBazaar
e537aa67678200b3c59329421d29b11efb18a35400d59691b6386f1bb64e37cb,blind,e537aa67678200b3c59329421d29b11efb18a35400d59691b6386f1bb64e37cb,CONSISTENT,VirusTotal/MalwareBazaar
e81743b83b55c6d23793fbc4191309f4fd0807e3ddde8ea6f6ac323caec4ea54,blind,e81743b83b55c6d23793fbc4191309f4fd0807e3ddde8ea6f6ac323caec4ea54,CONSISTENT,VirusTotal/MalwareBazaar
e8dab17006948378b94183226f8e2d345a6aeb6688be02e4ee578d4618d9fb43,blind,e8dab17006948378b94183226f8e2d345a6aeb6688be02e4ee578d4618d9fb43,CONSISTENT,VirusTotal/MalwareBazaar
eb067dc19308aff5bb0e12df8d779341b1fd0ff4beab6a1fbd34a62b1bd7912f,blind,eb067dc19308aff5bb0e12df8d779341b1fd0ff4beab6a1fbd34a62b1bd7912f,CONSISTENT,VirusTotal/MalwareBazaar
eb9c3b97dc7654fb1865522a8cc0ad792137952dde62c66186cf495c79e992f9,blind,eb9c3b97dc7654fb1865522a8cc0ad792137952dde62c66186cf495c79e992f9,CONSISTENT,VirusTotal/MalwareBazaar
ec202b2050cc7a4030c74c6fa04ef98e67c11fa64a1a1dd0ff592141ff7771de,blind,ec202b2050cc7a4030c74c6fa04ef98e67c11fa64a1a1dd0ff592141ff7771de,CONSISTENT,VirusTotal/MalwareBazaar
ec52e869927d212b5662143d8f5e0064b465ced789a071cdc0a99b1241b804ad,blind,ec52e869927d212b5662143d8f5e0064b465ced789a071cdc0a99b1241b804ad,CONSISTENT,VirusTotal/MalwareBazaar
eebedf60f3456b85c834b927658bb4efbbe164ada99babfc874502743e430dde,blind,eebedf60f3456b85c834b927658bb4efbbe164ada99babfc874502743e430dde,CONSISTENT,VirusTotal/MalwareBazaar
efdfaba236d2e2b4ea4029026f8399c08e32b9944486759addbc1d8bf056bb4b,blind,efdfaba236d2e2b4ea4029026f8399c08e32b9944486759addbc1d8bf056bb4b,UNKNOWN,VirusTotal/MalwareBazaar
f0c6530004391cf1d41fb844ddfc26736baf935a52525f029d42c3dd0f6ec315,blind,f0c6530004391cf1d41fb844ddfc26736baf935a52525f029d42c3dd0f6ec315,CONSISTENT,VirusTotal/MalwareBazaar
f3465b342885692a835e800185a57d5bbaad840dc44d36f63a779f967eeb6649,blind,f3465b342885692a835e800185a57d5bbaad840dc44d36f63a779f967eeb6649,CONSISTENT,VirusTotal/MalwareBazaar
f681e7092d06f5c1399c554a4f4d52b6fcc723d1e0e7380a27906da75e4fc7e6,blind,f681e7092d06f5c1399c554a4f4d52b6fcc723d1e0e7380a27906da75e4fc7e6,CONSISTENT,VirusTotal/MalwareBazaar
f84f257b2c66c2bc4a0a54626ad5936443c6b77330e49ca382e61d13263dede5,blind,f84f257b2c66c2bc4a0a54626ad5936443c6b77330e49ca382e61d13263dede5,CONSISTENT,VirusTotal/MalwareBazaar
f850e459b5f3141665457e140d789b587eff0fc405e9883dedcde9712ce1ad33,blind,f850e459b5f3141665457e140d789b587eff0fc405e9883dedcde9712ce1ad33,CONSISTENT,VirusTotal/MalwareBazaar
f87cf2f67dbbbe69e14dc40cca510ec19034f1787b6c4167c1fae078f3fe5aed,blind,f87cf2f67dbbbe69e14dc40cca510ec19034f1787b6c4167c1fae078f3fe5aed,CONSISTENT,VirusTotal/MalwareBazaar
f9311c948016fd1663de3ea8e5a5aab246bbff5681d0103c08cd6900a5373111,blind,f9311c948016fd1663de3ea8e5a5aab246bbff5681d0103c08cd6900a5373111,CONSISTENT,VirusTotal/MalwareBazaar
fa03c08a95fb19f15ca8a54581263536dd93317309b7f0a3865663e58b4a20ec,blind,fa03c08a95fb19f15ca8a54581263536dd93317309b7f0a3865663e58b4a20ec,CONSISTENT,VirusTotal/MalwareBazaar
faec4dcc3e77ee193dd2c8f39a132dd6aa2c20852e2c826c1f10bc8eec958d78,blind,faec4dcc3e77ee193dd2c8f39a132dd6aa2c20852e2c826c1f10bc8eec958d78,CONSISTENT,VirusTotal/MalwareBazaar
fbb0036c3e8a96da1d523689ec6b74a7b5d7ce7a4a383681ab2f0d534ee523d8,blind,fbb0036c3e8a96da1d523689ec6b74a7b5d7ce7a4a383681ab2f0d534ee523d8,CONSISTENT,VirusTotal/MalwareBazaar
f09227996af0232f86363cfee2882e46e94f0a2c934789fd253bf556c5fbbf55,constructed,EXT_T1,UNKNOWN,VirusTotal/MalwareBazaar
5701db1f3fb99545d3366c66ee3f4c46b39e818e27fc66bbbca5ceaa4cc3d2e3,constructed,EXT_T4,UNKNOWN,VirusTotal/MalwareBazaar
b3cef02a34bd684ab8b256bdda0db70ef5849c9bb944e72487829bced048229e,constructed,EXT_T5,CONFLICTING,VirusTotal/MalwareBazaar
